{"cameraMode":{"drawMode":0,"name":"Shaded","section":"Shading Mode"},"sceneLighting":true,"audioPlay":false,"sceneViewState":{"showFog":true,"showMaterialUpdate":true,"showSkybox":true,"showFlares":true,"showImageEffects":true,"showParticleSystems":true},"in2DMode":false,"pivot":{"x":-9.909523010253907,"y":-8.656681060791016,"z":2.617502212524414},"rotation":{"x":-0.36319607496261599,"y":0.12577250599861146,"z":-0.049552708864212039,"w":-0.9218558669090271},"size":22.585418701171876,"orthographic":false}