{"cameraMode":{"drawMode":0,"name":"Shaded","section":"Shading Mode"},"sceneLighting":true,"audioPlay":false,"sceneViewState":{"showFog":false,"showMaterialUpdate":false,"showSkybox":false,"showFlares":false,"showImageEffects":false,"showParticleSystems":false},"in2DMode":false,"pivot":{"x":0.31072449684143069,"y":-4.23753547668457,"z":-8.864311218261719},"rotation":{"x":-0.5674518942832947,"y":0.24794158339500428,"z":-0.18433739244937898,"w":-0.7632466554641724},"size":13.180144309997559,"orthographic":false}