{"cameraMode":{"drawMode":0,"name":"Shaded","section":"Shading Mode"},"sceneLighting":true,"audioPlay":false,"sceneViewState":{"showFog":false,"showMaterialUpdate":false,"showSkybox":false,"showFlares":false,"showImageEffects":false,"showParticleSystems":false},"in2DMode":false,"pivot":{"x":5.286138534545898,"y":-7.113874435424805,"z":-4.135056495666504},"rotation":{"x":-0.5051198601722717,"y":0.29254186153411868,"z":-0.18701916933059693,"w":-0.7901257276535034},"size":21.019115447998048,"orthographic":false}