{"cameraMode":{"drawMode":0,"name":"Shaded","section":"Shading Mode"},"sceneLighting":true,"audioPlay":false,"sceneViewState":{"showFog":true,"showMaterialUpdate":true,"showSkybox":true,"showFlares":true,"showImageEffects":true,"showParticleSystems":true},"in2DMode":false,"pivot":{"x":10.1358642578125,"y":0.2763824462890625,"z":3.0922179222106935},"rotation":{"x":-0.3912440836429596,"y":-0.5115460753440857,"z":0.28132882714271548,"w":-0.7114120125770569},"size":60.87968063354492,"orthographic":false}