{"cameraMode":{"drawMode":0,"name":"Shaded","section":"Shading Mode"},"sceneLighting":true,"audioPlay":false,"sceneViewState":{"showFog":true,"showMaterialUpdate":false,"showSkybox":true,"showFlares":true,"showImageEffects":true,"showParticleSystems":true},"in2DMode":false,"pivot":{"x":47.031707763671878,"y":-63.70122528076172,"z":65.18946838378906},"rotation":{"x":0.3166649639606476,"y":0.2656891345977783,"z":-0.0928812026977539,"w":0.9058193564414978},"size":117.5934829711914,"orthographic":false}